﻿{"cameraMode":{"drawMode":0,"name":"Shaded","section":"Shading Mode"},"sceneLighting":true,"audioPlay":false,"sceneViewState":{"m_AlwaysRefresh":false,"showFog":true,"showSkybox":true,"showFlares":true,"showImageEffects":true,"showParticleSystems":true,"showVisualEffectGraphs":true,"m_FxEnabled":true},"in2DMode":false,"pivot":{"x":7.503565311431885,"y":2.197145938873291,"z":5.760519027709961},"rotation":{"x":-0.016295164823532106,"y":0.741814911365509,"z":-0.01803644560277462,"w":-0.670168399810791},"size":2.8843376636505129,"orthographic":false}